name,stars,language,updatedAt,url
firebasePrueba,0,,2025-05-04T07:43:16Z,https://github.com/jespinoch/firebasePrueba
viajes,0,,2025-05-04T07:19:59Z,https://github.com/jespinoch/viajes
recetas,0,,2025-05-04T06:54:06Z,https://github.com/jespinoch/recetas
example-curso-react-native,0,TypeScript,2025-03-30T22:56:46Z,https://github.com/jespinoch/example-curso-react-native
DatingApp,0,TypeScript,2025-03-30T04:27:49Z,https://github.com/jespinoch/DatingApp
jespinoch.github.io,0,HTML,2025-02-02T06:00:19Z,https://github.com/jespinoch/jespinoch.github.io
using-markdown,0,,2023-07-01T05:28:40Z,https://github.com/jespinoch/using-markdown
skills-introduction-to-github,0,,2023-07-01T05:20:20Z,https://github.com/jespinoch/skills-introduction-to-github
skills-github-pages,0,,2023-07-01T05:35:25Z,https://github.com/jespinoch/skills-github-pages
skills-communicate-using-markdown,0,,2023-07-01T05:26:20Z,https://github.com/jespinoch/skills-communicate-using-markdown
app-angular,0,TypeScript,2023-06-30T22:12:03Z,https://github.com/jespinoch/app-angular
cjava,0,JavaScript,2023-06-30T11:23:41Z,https://github.com/jespinoch/cjava
jespinoch,0,,2022-05-29T06:54:55Z,https://github.com/jespinoch/jespinoch
pruebaCopilot,0,,2022-05-27T01:18:05Z,https://github.com/jespinoch/pruebaCopilot
s07_dev_ejemplo03,0,Java,2022-05-26T15:13:34Z,https://github.com/jespinoch/s07_dev_ejemplo03
s06_dev_ejemplo03,0,Java,2022-05-26T15:00:39Z,https://github.com/jespinoch/s06_dev_ejemplo03
cjava-demo-mvc,0,Java,2022-05-24T17:07:10Z,https://github.com/jespinoch/cjava-demo-mvc
sinFloo_app-web-productos,0,Java,2022-05-20T15:47:16Z,https://github.com/jespinoch/sinFloo_app-web-productos
sinfloo-Crud-Java-Escritorio-MVC,1,Java,2024-06-25T15:43:27Z,https://github.com/jespinoch/sinfloo-Crud-Java-Escritorio-MVC
sinFloo_CRUD-JAVA-MVC,1,Java,2024-06-25T15:43:27Z,https://github.com/jespinoch/sinFloo_CRUD-JAVA-MVC
prueba,0,,2022-05-20T08:14:25Z,https://github.com/jespinoch/prueba
Repositorio001,0,,2022-05-20T06:27:25Z,https://github.com/jespinoch/Repositorio001
NetBeansProjects,0,Java,2022-05-17T07:35:54Z,https://github.com/jespinoch/NetBeansProjects
